{"version":2,"url_overrides":{},"prefs":{"websites.hyperlinkAuditingEnabled":{"initialValue":{"browser.send_pings":false},"precedenceList":[{"id":"uBlock0@raymondhill.net","installDate":1545200912000,"value":false,"enabled":false}]},"network.networkPredictionEnabled":{"initialValue":{"network.predictor.enabled":true,"network.prefetch-next":true,"network.http.speculative-parallel-limit":6,"network.dns.disablePrefetch":false},"precedenceList":[{"id":"uBlock0@raymondhill.net","installDate":1545200912000,"value":false,"enabled":false}]}},"default_search":{},"commands":{},"tabHideNotification":{},"homepageNotification":{},"newTabNotification":{}}