{"chrome://browser/content/browser.xul":{"main-window":{"sizemode":"maximized","screenX":"78","screenY":"96","width":"683","height":"526"},"toolbar-menubar":{"currentset":"menubar-items"},"TabsToolbar":{"currentset":"tabbrowser-tabs,new-tab-button,alltabs-button"},"nav-bar":{"currentset":"back-button,forward-button,stop-reload-button,home-button,_73a6fe31-595d-460b-a920-fcc0f8843232_-browser-action,ublock0_raymondhill_net-browser-action,urlbar-container"},"PersonalToolbar":{"currentset":"personal-bookmarks"}},"about:config":{"prefCol":{"ordinal":"1","sortDirection":"ascending"},"lockCol":{"ordinal":"3"},"typeCol":{"ordinal":"5"},"valueCol":{"ordinal":"7"}},"chrome://mozapps/content/downloads/unknownContentType.xul":{"unknownContentType":{"screenX":"456","screenY":"184"}}}